title,assignment_id,todoable_id,todoable_type,,,
任务1,,1,Project,,,
任务2,,1,Project,,,
任务3,,1,Project,,,
任务4,,1,Project,,,
任务5,1,1,Project,,,
任务6,2,1,Project,,,
任务7,3,1,Project,,,
任务8,4,1,Project,,,
任务9,5,1,Project,,,
任务10,6,1,Project,,,
任务11,7,1,Project,,,
任务12,8,1,Project,,,
任务13,9,1,Project,,,
任务14,10,1,Project,,,
任务15,11,1,Project,,,
任务16,12,1,Project,,,
任务17,13,1,Project,,,
任务18,14,1,Project,,,
任务19,15,1,Project,,,
任务20,16,1,Project,,,
任务21,17,1,Project,,,
任务22,18,1,Project,,,
任务23,19,1,Project,,,
任务24,20,1,Project,,,
任务25,21,1,Project,,,
任务26,22,1,Project,,,
任务27,23,1,Project,,,
任务28,24,1,Project,,,
任务29,25,1,Project,,,
任务30,26,1,Project,,,
任务31,27,1,Project,,,
任务32,28,1,Project,,,
任务33,29,1,Project,,,
任务34,30,1,Project,,,
任务35,31,1,Project,,,
任务36,32,1,Project,,,
任务37,33,1,Project,,,
任务38,34,1,Project,,,
任务39,35,1,Project,,,
任务40,36,1,Project,,,
任务41,37,1,Project,,,
任务42,38,1,Project,,,
任务43,39,1,Project,,,
任务44,40,1,Project,,,
任务45,41,1,Project,,,
任务46,42,1,Project,,,
任务47,43,1,Project,,,
任务48,44,1,Project,,,
任务49,45,1,Project,,,
任务50,46,1,Project,,,
任务51,47,1,Project,,,
任务52,48,1,Project,,,
任务53,49,1,Project,,,
任务54,50,1,Project,,,
任务55,51,1,Project,,,
任务56,52,1,Project,,,
任务57,53,1,Project,,,
任务58,54,1,Project,,,
任务59,55,1,Project,,,
任务60,56,1,Project,,,
任务61,57,1,Project,,,
任务62,58,1,Project,,,
任务63,59,1,Project,,,
任务64,60,1,Project,,,
任务65,61,1,Project,,,
任务66,62,1,Project,,,
任务67,63,1,Project,,,
任务68,64,1,Project,,,
任务69,65,1,Project,,,
任务70,66,1,Project,,,
任务71,67,1,Project,,,
任务72,68,1,Project,,,
任务73,69,1,Project,,,
任务74,70,1,Project,,,
任务75,71,1,Project,,,
任务76,72,1,Project,,,
任务77,73,1,Project,,,
任务78,74,1,Project,,,
任务79,75,1,Project,,,
任务80,76,1,Project,,,
任务81,77,1,Project,,,
任务82,78,1,Project,,,
任务83,79,1,Project,,,
任务84,80,1,Project,,,
任务85,81,1,Project,,,
任务86,82,1,Project,,,
任务87,83,1,Project,,,
任务88,84,1,Project,,,
任务89,85,1,Project,,,
任务90,86,1,Project,,,
任务91,87,1,Project,,,
任务92,88,1,Project,,,
任务93,89,1,Project,,,
任务94,90,1,Project,,,
任务95,91,1,Project,,,
任务96,92,1,Project,,,
任务97,93,1,Project,,,
任务98,94,1,Project,,,
任务99,95,1,Project,,,
任务100,96,1,Project,,,
任务101,97,1,Project,,,
任务102,98,1,Project,,,
任务103,99,1,Project,,,
任务104,100,1,Project,,,
任务105,101,1,Project,,,
任务106,102,1,Project,,,
任务107,103,1,Project,,,
任务108,104,1,Project,,,
任务109,105,1,Project,,,
任务110,106,1,Project,,,
任务111,107,1,Project,,,
任务112,108,1,Project,,,
任务113,109,1,Project,,,
任务114,110,1,Project,,,
任务115,111,1,Project,,,
任务116,112,1,Project,,,
任务117,113,1,Project,,,
任务118,114,1,Project,,,
任务119,115,1,Project,,,
任务120,116,1,Project,,,
任务121,117,1,Project,,,
任务122,118,1,Project,,,
任务123,119,1,Project,,,
任务124,120,1,Project,,,
任务125,121,1,Project,,,
任务126,122,1,Project,,,
任务127,123,1,Project,,,
任务128,124,1,Project,,,
任务129,125,1,Project,,,
任务130,126,1,Project,,,
任务131,127,1,Project,,,
任务132,128,1,Project,,,
任务133,129,1,Project,,,
任务134,130,1,Project,,,
任务135,131,1,Project,,,
任务136,132,1,Project,,,
任务137,133,1,Project,,,
任务138,134,1,Project,,,
任务139,135,1,Project,,,
任务140,136,1,Project,,,
任务141,137,1,Project,,,
任务142,138,1,Project,,,
任务143,139,1,Project,,,
任务144,140,1,Project,,,
任务145,141,1,Project,,,
任务146,142,1,Project,,,
任务147,143,1,Project,,,
任务148,144,1,Project,,,
任务149,145,1,Project,,,
任务150,146,1,Project,,,
任务151,147,1,Project,,,
任务152,148,1,Project,,,
任务153,149,1,Project,,,
任务154,150,1,Project,,,
任务155,151,1,Project,,,
任务156,152,1,Project,,,
任务157,153,1,Project,,,
任务158,154,1,Project,,,
任务159,155,1,Project,,,
任务160,156,1,Project,,,
任务161,157,1,Project,,,
任务162,158,1,Project,,,
任务163,159,1,Project,,,
任务164,160,1,Project,,,
任务165,161,1,Project,,,
任务166,162,1,Project,,,
任务167,163,1,Project,,,
任务168,164,1,Project,,,
任务169,165,1,Project,,,
任务170,166,1,Project,,,
任务171,167,1,Project,,,
任务172,168,1,Project,,,
任务173,169,1,Project,,,
任务174,170,1,Project,,,
任务175,171,1,Project,,,
任务176,172,1,Project,,,
任务177,173,1,Project,,,
任务178,174,1,Project,,,
任务179,175,1,Project,,,
任务180,176,1,Project,,,
任务181,177,1,Project,,,
任务182,178,1,Project,,,
任务183,179,1,Project,,,
任务184,180,1,Project,,,
任务185,181,1,Project,,,
任务186,182,1,Project,,,
任务187,183,1,Project,,,
任务188,184,1,Project,,,
任务189,185,1,Project,,,
任务190,186,1,Project,,,
任务191,187,1,Project,,,
任务192,188,1,Project,,,
任务193,189,1,Project,,,
任务194,190,1,Project,,,
任务195,191,1,Project,,,
任务196,192,1,Project,,,
任务197,193,1,Project,,,
任务198,194,1,Project,,,
任务199,195,1,Project,,,
任务200,196,1,Project,,,